,x1,x2,x3,correct_group
0,0.9110674087448839,3.1302764289667646,0,d
1,0.5883602445336548,3.6443483227865485,5,d
2,0.34950758987304426,1.9842799816415129,5,d
3,-0.9228210610734314,3.5465819506405443,0,c
4,-0.6269568033584055,3.0658822481563774,0,c
5,-0.25466545852437744,2.5216623937541134,2,c
6,-0.29469179995282996,2.9381197846820166,0,c
7,0.4697179911375043,3.29389964535755,0,c
8,-1.0827914145337045,3.433958253735134,0,c
9,0.20259659992848064,1.0069605127395493,4,d
10,-0.7078496632797411,0.19420895288697376,4,e
11,-0.40898975394436854,3.2405654593656505,0,c
12,0.6038751825829779,1.4912778778087932,0,d
13,-0.419477224254307,2.30791707393628,0,c
14,-3.0601052213827535,-0.07560960397278045,1,e
15,-0.7540606571584609,3.131940395686492,1,c
16,-0.7211759644543478,0.6453413313620455,3,e
17,-1.657951744965528,0.9987803254933317,1,e
18,0.19218686837480414,2.8055018960285274,0,c
19,-0.1834350854998437,2.6369128689181536,1,c
20,-0.4383530182108696,2.443769886282676,2,c
21,0.6644803217922581,2.5994855763762335,2,d
22,-0.12620368147106625,2.4486786989619795,1,c
23,0.30596233108245896,4.5070328446988785,0,d
24,-0.43245242263080474,4.251358491355761,1,c
25,1.8265036815163502,0.5288621388964806,3,e
26,-0.21034032510590517,0.08042754760221321,1,e
27,0.1844313267679831,2.084597163651797,4,d
28,-1.4038201621421744,0.46582309585180826,4,e
29,-0.5886163336470318,2.3342509667610556,0,c
30,0.19890059070639393,2.0533041090276942,0,c
31,0.8092846822726165,2.8100128296375053,1,c
32,-0.09075284552221462,4.61856120765844,0,c
33,-1.763263365170265,0.23942726432943479,4,e
34,-0.3116821038482425,3.7777433651838876,0,c
35,0.9544989093427031,0.6330903468480722,0,c
36,0.31381773731030393,3.321437714400115,0,d
37,0.6467430207989464,3.284085089893489,1,d
38,-0.4290380282550065,2.5722095946093124,0,c
39,-3.606910238076061,0.672176983560961,4,e
40,-1.8097581987273528,0.18599482812419574,2,e
41,-1.448161178392738,0.5433842646920672,3,e
42,0.6661254321518323,1.6250057459271758,2,c
43,-2.221199234300678,0.5234861397551404,6,e
44,0.10802685224127202,1.6510000144689811,1,c
45,0.6667086828436191,2.0426100246284604,2,d
46,0.001539933350334142,2.96201617716387,0,c
47,-0.1427920582428951,0.9091080182052542,3,e
48,-0.5511837690167736,0.5540736799486095,4,e
49,0.2732254533438488,1.423911851706307,2,d
50,-0.8845923062289092,0.15068927164866494,4,e
51,0.8043921230506718,3.1587203193257567,6,d
52,-0.02869589326078287,2.6356967428716693,0,c
53,0.3040033518854299,2.2772614160726525,1,d
54,-1.411961006547037,0.4099862825383686,4,e
55,0.5083892628003027,2.641252511897866,2,d
56,-0.26173302634639695,1.838236041977819,0,c
57,0.8804190791275606,2.498285447074475,2,c
58,-1.1507182186691847,0.6347437318588471,5,e
59,0.7991106419263184,2.709040646772083,4,d
60,0.6236577528503526,1.161490990516194,3,d
61,-0.33089456317772703,0.38213426012288987,3,e
62,-0.9338776086563996,0.8851852361442561,2,e
63,-2.7583197193184406,0.6759482930857243,4,e
64,-1.1699765083403817,0.7612280792548635,3,e
65,0.4328183205219478,3.4717681860194203,1,d
66,-0.8133695403186527,2.894729644850416,0,c
67,0.11158334900404811,2.1141952793515966,0,c
68,0.30365549877762404,1.1421242281538377,0,d
69,0.3144213192701966,2.5805785492580484,0,c
70,-0.15812170460069258,4.459263186126696,0,c
71,0.21856385220698124,3.6369341583706003,1,d
72,0.4402743394924366,2.922367224604046,0,c
73,-0.022472371718578077,0.2313048798475314,2,e
74,-1.3797832882479864,0.40288672014908206,3,e
75,0.4635202021098508,1.9590199102411001,0,d
76,-0.4459714954152004,4.024400602249739,0,c
77,0.5490146545795818,1.4624328782378293,1,d
78,0.5144928526412273,2.9349161894310134,1,d
79,-2.1916053746104174,0.5307843258162481,2,e
80,-0.8782118485199442,0.3740601000412743,1,e
81,-0.3953072508754587,0.4945194374259425,2,e
82,0.37716243856611226,2.2469745391643032,5,d
83,0.750516710041086,3.0235686972212186,4,d
84,0.30010620595345516,1.243862320656618,0,c
85,-0.9557664773148268,0.46566821003357584,3,e
86,0.45894690714875874,2.404446311592112,1,d
87,-1.9481491010984682,1.0663466902405276,5,e
88,-1.0929981181448738,0.37687219585614457,5,e
89,1.0526465233204567,3.3443480645170323,2,c
90,0.6212801202140131,2.5174910808190347,2,d
91,0.5876601549998579,2.7432279457541537,1,d
92,-2.260765414219119,-0.06462563276911262,5,e
93,0.4847322482786844,3.499046245851527,0,c
94,0.15839521721599728,3.1646870656880264,0,c
95,0.6467458232224894,1.9245766642012285,0,d
96,0.3163199108589726,3.167580851352362,3,d
97,-2.261154766094621,1.0173709076778608,1,e
98,-2.0096072959297304,0.28794723174592474,2,e
99,0.2528500696581044,2.42411941718256,1,d
100,-1.314662533542511,-0.17654427683760907,2,e
101,-0.08736053256091486,3.024518906925893,0,c
102,-0.13304848069045871,0.9742701734935914,3,e
103,-0.9098797716703063,-0.029708113426267228,4,e
104,-1.5543442274097672,0.3214391584563817,3,e
105,0.32997270831000014,2.0774299928069277,5,d
106,0.42829582991225856,3.838267989685285,0,c
107,-2.6499034169459903,0.47241694296847037,4,e
108,0.3955387173529036,2.8728171003802982,0,d
109,0.5680963479020625,3.3544085243205006,1,d
110,0.5147030461819679,3.0383598168306523,0,d
111,0.4185118653179094,1.85741290980461,1,d
112,-1.6591944531319616,0.7875619691115837,2,e
113,0.2595765757161788,2.3007114494526832,1,d
114,-1.577159569357016,1.0618673849768692,2,e
115,0.22616594296204554,1.9206380150848785,0,c
116,0.5038369703308937,2.382040188931632,3,d
117,0.03522275402913456,2.448824215138005,0,c
118,-0.527207825369392,0.4654624581967969,3,e
119,0.7183526444924253,3.1510428024820185,1,d
120,-0.4188234776825324,4.513184751960127,0,c
121,0.6171307392017766,0.51307231187584,2,c
122,0.4950602530841124,0.9123169764080895,4,e
123,0.01566679258313168,2.3646825911654368,0,c
124,-0.13585618033290048,0.08320375278402962,1,e
125,-0.516244306430977,0.6145406882267281,2,e
126,0.8590139489763687,1.6128941983692444,1,d
127,0.5440684750885179,4.668226970106949,0,c
128,0.41049812649827844,1.409966978627633,1,d
129,0.30126993353259307,0.8882809225806221,3,d
130,0.5593564220821151,3.2171411338886355,2,d
131,-0.9541314534871116,0.24546312197344203,3,e
132,0.23440298098206042,3.6106795068052313,4,d
133,-0.6193760574714432,0.24893171234587455,0,e
134,0.30556241011267166,3.6675448273003752,2,d
135,0.08482382883900834,1.8847495515603456,3,d
136,0.5287754405656239,2.9200911759253274,0,c
137,0.630050837015815,1.7973497086625927,3,d
138,0.22019654905690075,5.338610678334716,0,c
139,-0.122611416635613,2.8859957385560815,0,c
140,-0.16384515872659544,0.8020014354201884,2,e
141,-0.05555215717357738,2.252966090079918,1,c
142,-0.9600081161285674,2.928459390296788,0,c
143,0.4403666391724663,2.989786305294072,1,d
144,-1.9136127790808428,0.40919757511116606,2,e
145,0.6017751457243722,2.1814289395991455,4,d
146,-0.3643764126166332,0.417378800198647,4,e
147,-1.8121387817264283,0.517596339476492,2,e
148,-1.3563407730113817,1.1390929109713706,1,e
149,-0.29239102810090867,0.5659138199899059,1,e
150,0.6474706770127238,3.561243719453829,3,d
151,-0.6240960387779836,3.3118560097542753,0,c
152,-0.39392158195714166,0.7100296634029485,0,e
153,0.37190946382860474,3.598947279364045,0,d
154,0.16855925598739738,2.2388192859125704,0,c
155,-0.21755510117318044,0.3893053089013127,3,e
156,0.5777564045090018,2.3064600814550307,1,d
157,0.2109347723560479,3.275911493973366,0,c
158,0.6021734739489502,2.7728506674512423,2,d
159,-1.0444135894467972,0.7672135737799187,8,e
160,-0.6443186636057736,3.468449891594079,1,c
161,-1.3441150766544014,0.17689937497439634,7,e
162,0.033149553728981686,3.1399439713639774,0,c
163,-1.8741690994268223,1.150458763844155,4,e
164,-1.6760625242310687,0.9257157717692546,2,e
165,0.903959504546101,3.5059681112546643,4,d
166,-0.17322622258858444,2.145741967728169,0,c
167,-2.417660784324619,0.5471125279061935,2,e
168,-1.470593653931104,0.6019569492720646,5,e
169,-0.6623631867258211,4.24671567652861,0,c
170,-0.8146273310796578,0.4532862296985412,5,e
171,-0.3412819722359934,3.476393760768563,0,c
172,0.14968983809880512,-0.20139069147532673,0,c
173,0.5624500368554324,2.417700587929874,2,d
174,0.4625867976802902,3.354316791252407,3,d
175,0.3939086788553528,3.168009416014113,1,d
176,-0.31367179525339206,4.402840899994955,0,c
177,0.36326076102988414,3.2961666641518015,4,d
178,-1.032141316074568,0.5912724258922964,3,e
179,0.27065910090391365,0.7216342339934597,3,e
180,-1.3459087274415438,0.5591700240226907,5,e
181,-1.2530548771532133,0.7813014557570072,1,e
182,0.6374147467211153,0.5661626352529844,4,e
183,-1.406536884156789,0.22600063761591158,3,e
184,-0.2802123386026939,0.8016552415215489,1,e
185,0.6171884844153464,1.8333253706446855,2,d
186,0.5125251727511166,2.219266409076576,4,d
187,-1.7861011115232919,0.9358087136765316,1,e
188,0.7559632872878497,4.17485806241748,0,c
189,0.20265940247964784,3.704515985490029,1,c
190,0.6033430833385302,1.4818961546860145,3,d
191,0.4356628674095715,4.513088303893922,3,d
192,-0.003663190431083753,2.0292385587872666,0,c
193,0.3801276800653152,6.150694947557794,0,c
194,0.5275358693027328,1.8275189511902328,2,d
195,0.3851381074388944,1.438119930949465,1,d
196,0.5454008045424747,1.86192965561188,2,d
197,-2.9018031326747984,0.2848759116909183,3,e
198,-1.5650226890754095,0.27110868034025626,0,e
199,0.4312827767802722,2.560569593647525,0,d
200,-0.07466804513805103,0.7401425686728857,2,e
201,0.10915685286865173,3.0265546516507214,0,c
202,-0.448684575335296,4.240491744986972,0,c
203,0.20622163253156317,3.0496973107428134,0,c
204,-0.4612019710876922,1.9871694653162608,0,c
205,0.3340943484594672,3.1238473388902914,1,d
206,1.2612455719976206,0.3614030447772975,3,e
207,0.5451664067264014,1.20523356495181,4,d
208,-0.02316275256796496,1.1246622895784304,2,e
209,-1.3075157139366955,0.9282200818714319,3,e
210,-0.4783227145900179,2.54027084534974,0,c
211,0.8321979990070424,3.2370501250399624,2,d
212,0.09560342718497816,0.835654933427676,4,e
213,0.6430339746010683,3.1591590333061053,0,c
214,0.5377175734199706,3.740074907599492,1,c
215,-1.715440506865096,-0.08575226752173873,2,e
216,0.9448206131378177,3.069879989835692,5,d
217,0.4401920544519015,3.48489698831918,3,d
218,0.8369255041517206,1.1101559055736139,2,d
219,-0.7428005793523593,0.5966737098524915,2,e
220,0.34159244876309697,2.5699389268245345,3,d
221,-0.5828172389283239,-0.033110777691435535,1,e
222,0.3192758207999564,2.901200007522618,0,c
223,0.15555787551676936,4.203771343579382,1,c
224,0.0944108856348169,0.6263552567530932,1,d
225,-2.388167714216605,0.6332297843623351,3,e
226,0.7268294045487171,1.631945374113866,0,d
227,0.5232513863417452,2.6881800282090467,0,d
228,-0.26320979572346404,1.8556999593288979,2,c
229,-1.5817466385031587,0.14453716637842973,3,e
230,-0.15966709357291112,3.701005574410291,0,c
231,0.03762200858436097,2.620877814932947,0,c
232,-1.6856288735508278,-0.02463539940766586,2,e
233,-1.2187424991688882,0.0953811341960906,0,e
234,0.4680619861880052,2.7546227404199652,1,d
235,0.03817757807998856,3.7243198842911553,0,c
236,0.692633032385907,2.30487227955962,0,d
237,-1.5453044413630632,-0.050684333985937545,0,e
238,-0.34047608018206077,0.6069376161150826,5,e
239,-0.4184451283408903,2.2725033153312686,0,c
240,-2.7307308523782163,-0.12595111104114867,6,e
241,-1.1652534461597195,5.6736384668729105,0,c
242,0.5990576138099531,1.1114123815716808,3,d
243,0.31507225830283586,4.7262971403967935,0,c
244,0.7340935867919299,2.4085283425734834,2,d
245,-2.0223319166873877,0.42109853824477056,5,e
246,0.3234249770308659,2.131585691857917,0,c
247,-0.35385757465771994,1.616049980557873,0,c
248,0.2309873986877222,1.886495758528539,0,d
249,1.0220607511352098,0.5528151629101219,4,e
250,-0.31597837793542005,4.462670655325198,0,c
251,0.29298616475105504,3.126714661886424,1,d
252,0.3585164749375069,3.601334456344963,1,c
253,-0.3482941582229678,2.5536548324618944,0,c
254,0.4211270726493515,1.2554637646390554,2,d
255,0.028854767914337387,0.46250252493287813,0,e
256,-1.049191961501499,3.493953547220366,0,c
257,0.09136597349201767,3.857174435988248,1,c
258,0.7761266950276206,4.4927443053777205,1,c
259,0.6213549419073212,2.3290968943667996,4,d
260,0.7487628993666118,2.0003955234643978,2,d
261,-0.6569530926694909,0.42769995740642974,3,e
262,0.5919419602631636,2.5592091170441384,2,d
263,-1.0151990000049778,0.8408573852817895,3,e
264,0.9792084011132687,0.08705676062183776,8,e
265,-0.08213465410813814,0.7784536246911251,2,e
266,-0.6056199345705873,2.5299927788398584,0,c
267,-0.38317692154115124,1.0265890137435092,4,e
268,-0.5431574671814233,3.266170046209117,1,c
269,-0.15605467962159159,0.14444801441552024,1,e
270,-0.5361303707147924,3.1168044218037627,1,c
271,-0.4505229291785947,2.661765238312384,0,c
272,-1.4106856188080776,1.0074696560499894,0,e
273,0.5521388516467659,1.5608085108530299,5,d
274,-0.8899238968147544,0.07816811992746932,4,e
275,0.3668397596994472,4.747106671984758,1,c
276,0.5522997181107825,1.1455401887711716,2,d
277,0.7600740763709116,1.4609262608867744,1,d
278,0.06966503100851806,0.49554316982204066,2,e
279,0.2421111660435773,0.024987651145620512,1,e
280,0.18630477455447692,2.460246958506814,0,d
281,0.07563106325879887,0.526872596534181,2,e
282,0.6184112590887416,2.7266315430994403,1,c
283,0.24272413395786469,1.6722085404989766,0,c
284,0.9106713967159588,2.7578274801630465,3,d
285,0.4487407647955192,4.0105438138945475,0,c
286,0.6916016943734478,3.16884443900916,1,d
287,0.8856838734937231,1.001749512395765,3,d
288,-0.004946559294615414,2.04408969032133,1,c
289,-0.15464379517260135,2.3580013026070006,1,c
290,0.5083167648191446,2.019309874087757,2,d
291,0.7486288173824053,2.8274152266011976,1,d
292,0.7358326443011287,2.5890744964550523,0,c
293,-0.02737648565917792,2.7793183553039973,1,c
294,-0.11182607088103005,1.6225496623467859,0,c
295,0.09392165977038099,4.9512661435236955,1,d
296,-1.1597619988215386,0.5962332926937947,3,e
297,-0.5087176828514776,3.5106760750236736,1,c
298,0.7985488404876848,2.5825598091252138,0,c
299,0.6635620491162759,2.879768909673967,0,c
300,0.27711237752443285,0.05695591133456383,6,e
301,0.20674584268452012,-0.06295712981124413,3,e
302,0.4179266016904576,3.0349568272682177,0,d
303,0.5493491190025622,1.9509128212801032,1,d
304,0.4389635867662722,2.957551421396688,2,d
305,0.017550908067720306,0.15153834445320236,2,e
306,-1.182805864096421,0.5720683353002702,5,e
307,-0.12641622015685228,3.9199629047495628,0,c
308,-0.20677504571248775,1.6201224177184894,1,c
309,0.4200271891832106,3.0351707595173925,3,d
310,-2.326042687383039,0.2875405101033271,5,e
311,0.27283748980722516,3.0159899460600905,0,c
312,0.07426348971196702,4.444275176028164,0,c
313,0.43984704456079055,0.5911775909655783,2,d
314,0.30375341536151773,3.1526799724341097,0,d
315,-0.693217621104411,2.811964460473292,2,c
316,0.5217604426688198,2.152075281519681,0,c
317,0.6898677118897065,0.7319192904438945,5,e
318,0.4725239075185112,2.1258527971569494,5,d
319,-1.8862185534342943,0.46722947750553223,2,e
320,-1.6050795194050829,0.7426018497058778,3,e
321,0.6487041485136648,3.3335032763450476,0,c
322,0.35487574416718726,0.4521408491486864,3,e
323,-0.5376130714736349,3.3514402023985665,1,c
324,-0.6322294476881634,0.454305990380582,2,e
325,-0.22877071430623014,2.7970609635137333,0,c
326,-0.8654604914520316,0.30069702973643253,3,e
327,-1.3367184626115836,0.8795927781832781,3,e
328,-0.1048052428636888,1.5955260168968592,1,c
329,0.20812466248709477,2.5483036720122447,1,c
330,0.26778878945386264,1.339130301590478,0,c
331,1.7266851753358121,1.1488726519226065,1,c
332,-0.09707812823906925,4.765398779977735,0,c
333,-0.8395118846702231,0.6095218964164073,2,e
334,-1.6989154785007967,0.7535819827142265,4,e
335,0.02053863655651484,2.8891665619774836,0,c
336,-0.37173593991630605,0.5614318984464577,3,e
337,0.949668940774463,4.821893545260508,0,c
338,-0.08617022098512149,4.472628650444639,0,c
339,0.35404077623680913,0.8514216447502603,2,d
340,0.3883267074148821,4.208511128658456,2,d
341,-0.9268884859500921,0.42750095794676446,3,e
342,-0.6806987792550077,0.5570161928278433,4,e
343,0.1519827596766803,0.04439368872698123,4,e
344,-0.5242066225860627,3.9479487517569547,0,c
345,0.6814578763999982,2.9707683051547464,3,d
346,0.6545935242195544,3.0457068173409185,3,d
347,0.4828799574903664,5.315002285893331,0,c
348,0.3860747805380016,0.26214332494298526,8,e
349,-0.33877893824887656,2.7404905041911913,0,c
350,0.5557816170763736,2.6616482868231617,0,d
351,-1.4317272710908244,0.11204357205589112,3,e
352,-0.6637742994328454,2.14383358345745,0,c
353,1.0131538574720942,0.5319665017738412,1,e
354,0.4781018482303712,2.915108914313914,1,d
355,-0.3342625971397503,4.4100399795384115,0,c
356,1.61306823939901,3.403003590380851,0,c
357,0.5340415729736253,3.38146422055971,1,d
358,0.4468683558351017,1.7129066382068263,2,d
359,0.7035914416749166,3.1481916492464963,1,d
360,0.6240564153161927,3.929153983982,1,d
361,0.4373443761633719,2.71242749157107,3,d
362,0.5479544534309156,2.706774916324935,0,d
363,-0.033587487047017195,2.6182241438732126,0,c
364,0.46570787816549963,4.220211833104429,3,d
365,-0.1872939477783014,3.528474620238943,0,c
366,-1.6414824743226744,0.5654626362486074,3,e
367,-0.15787528815290927,3.0108433938769106,0,c
368,0.25734856461294736,4.04234220647848,0,c
369,-0.3540827261650574,0.31923266820726415,3,e
370,0.21941263199401032,3.5060593106758957,0,c
371,-0.9045374072275483,0.4055776181762788,4,e
372,0.787679134578942,4.422541049408311,3,d
373,-0.6975259859945306,0.3141040410920465,0,e
374,-0.26746366181239883,3.48222538135406,1,c
375,0.313389709359067,2.8695569880691747,0,c
376,-0.8176368749915063,0.18096496981545435,3,e
377,-0.937833094228848,0.07858003491697338,4,e
378,-1.3127506398278515,1.028586302770882,3,e
379,0.47663819284124226,2.8494861815348185,0,c
380,-1.3760144874638558,0.46931576224080584,3,e
381,-1.1245678143129838,0.11655384726014555,2,e
382,0.542803775739785,2.8970528842950034,1,d
383,0.526197084226247,3.22941634840274,0,d
384,-1.6522832092090773,0.827972429638143,4,e
385,-0.3767760381031371,0.5168750151392425,0,e
386,0.6436399815762012,1.691151774837484,4,d
387,-0.23718455830510732,0.8499640493075911,2,e
388,-0.3331201528591753,0.6228449189688275,3,e
389,-0.8209518806191992,0.23812935675959654,3,e
390,0.6338842013219542,1.773193336758993,2,d
391,0.2924531510777304,0.5408122228230008,3,e
392,0.7282853537372278,0.7102807139364631,2,e
393,0.17449026693017824,2.3191786418804123,1,d
394,-0.3726815627553029,4.064364276720134,0,c
395,0.15771039474904808,2.602952134322331,4,d
396,-0.8888148759306805,0.07219637753174801,3,e
397,0.12216363866000354,0.6068102489803251,2,d
398,-0.1013349027054151,1.4913497713062847,0,c
399,-0.20835294206070734,1.9170446494989564,0,c
400,0.43356655708545255,1.3286468534852856,5,e
401,0.494836687295896,4.059014204686184,0,c
402,0.17623632087803986,3.2729029854113927,0,c
403,-0.4310632648330278,0.27086501638971167,1,e
404,0.6941516136684034,2.9608673491846327,2,d
405,-0.6493840788429835,2.4479508524706413,0,c
406,0.716649408393911,0.7222718524796348,3,d
407,-1.4334115394426634,-0.14640028359439003,1,e
408,0.15864989262272045,0.43395154986873263,2,e
409,-0.8762165437906615,0.854704381878037,5,e
410,-1.168799025893108,-0.0887495690621672,5,e
411,-0.6955953008591441,-0.20925179794883356,3,e
412,-3.7158426814560186,0.49627053294554985,3,e
413,0.5587793312476369,3.1889337522990564,2,d
414,0.12981973090616636,3.1037323513717223,0,c
415,0.6332136237926141,3.117390847582654,2,d
416,-2.105392360602476,0.5334540099451957,4,e
417,-0.5397877795240285,2.9260271638970554,1,c
418,0.6483353333960535,3.8683351881175314,1,d
419,0.05069557092104837,0.7064433414864063,1,e
420,-2.067608670980807,0.3071011138531673,2,e
421,-0.09398839484054533,0.5721313710563477,3,e
422,-0.2081097869160947,2.9634238325927735,0,c
423,0.40612136839494334,1.4506602234369022,1,d
424,0.7162729184592824,2.543562053196469,6,d
425,-3.005380444539415,0.7838434628181252,5,e
426,0.12709240144225672,2.222992814166947,0,c
427,0.4616523255481031,0.003404948517207825,3,e
428,0.7304503391385884,2.3170304429792243,0,d
429,0.00026587315965753147,1.6161787475325644,2,d
430,0.6887894650769485,1.4327424533344641,2,d
431,0.262394187432185,3.307245538049587,4,d
432,0.22751728315799177,2.609994118958904,0,c
433,0.6344330817735179,4.5862638790311046,0,d
434,0.9062544412288879,2.800990066344272,0,d
435,0.3811571673090722,4.729734583110664,1,d
436,-2.288671334095141,-0.16435509627182524,4,e
437,0.05160249902862396,2.2246972649651067,0,c
438,0.5715220462056309,3.1439658386546476,1,d
439,0.03954040608815988,4.349042992296344,0,c
440,-1.987670888453938,0.7013759865079175,4,e
441,0.5704611516743602,3.819937853005405,0,c
442,-0.8461846001783235,0.17383430642522485,3,e
443,0.894360173173726,1.8516104069608366,2,d
444,-1.7499695456732147,0.6850415389865459,3,e
445,-0.7655426615573163,0.5107525232864534,7,e
446,0.49580329437502946,1.8452049170404927,2,d
447,-2.8406451414030904,0.24484283840464421,5,e
448,0.27892052999627276,2.876839297099248,3,d
449,-0.7182422489982637,0.21454394623351816,1,e
450,0.8733053240197224,3.681797081588784,3,d
451,0.48217396123437234,1.9211594078958338,2,d
452,-2.9825677325008746,0.11637243527971079,6,e
453,0.3054238402058995,0.4861970710153063,4,e
454,0.35738479690701286,2.5790497279059004,2,d
455,-1.5666118321709186,0.3460066293057565,3,e
456,0.4466837964524659,3.3297483648945616,0,c
457,0.34692176547523357,4.324259586048581,1,d
458,-0.5062431514695294,3.3006985127832387,0,c
459,-1.4913868074327872,0.833621365057562,5,e
460,0.42800353902836363,3.30788966452893,0,c
461,0.4098409104579089,3.5003491956812725,1,d
462,-1.357905849231327,0.47892405710648506,2,e
463,-0.28971637354173646,2.3554166787657267,0,c
464,0.08876591585615914,2.2895449425979577,0,d
465,-0.24951597619211766,3.6347458909923818,1,c
466,-2.322305194542592,0.5201870314905462,2,e
467,0.5809912148076058,2.4125191897581306,4,d
468,0.5208261360505085,1.5709686443996653,2,d
469,-0.2708376816297753,0.6436067838988341,2,e
470,1.062845067477264,4.739506772154859,0,c
471,0.0059000852048206286,2.1213971496263997,0,c
472,0.5773311714883408,2.6175056977658917,4,d
473,0.3066387849089807,3.9157288234061607,0,c
474,-0.05571182034598306,1.1553866547213678,0,c
475,-1.162019547702251,0.16767343749711314,2,e
476,-0.45915448695058686,5.188366427023149,0,c
477,0.3862935836269233,1.0463518751169372,5,d
478,-1.2272255469054976,0.21109891164342973,2,e
479,-2.738018762085488,0.2559362172075622,0,e
480,0.4510724976858605,3.3750652423660195,5,d
481,-1.3568717417135332,0.4889223430863141,0,e
482,0.49774758816426085,3.211570619487292,1,d
483,0.3587709917325087,2.375176403613455,1,d
484,0.6745450770129695,1.2212916806457852,1,d
485,0.24967128443261072,0.9811629172996521,1,d
486,0.6091912162329709,2.391026523122037,2,d
487,0.38565235613314935,3.117003410172745,1,d
488,0.5867509047992225,1.8337353481472938,0,c
489,-2.52163992046075,0.9547101564761988,5,e
490,-0.07781346077789122,3.1613750175161317,0,c
491,-0.7144817303358384,3.040517085124819,0,c
492,-1.2000329035960215,0.6870863140577836,2,e
493,-0.922514375269424,1.89870009514689,0,c
494,0.5099297791043297,2.4515972802333175,2,d
495,0.3983701391387761,2.855052724698864,1,d
496,0.04262771088943515,2.8623663425033805,0,c
497,0.37247801943839975,4.349741130006034,0,c
498,-1.7098046147620745,0.677329974391049,4,e
499,0.66872612803623,0.6737194940319,2,d
500,0.5887254153539402,0.9172967160601937,0,d
501,-2.4087039480480548,0.06477452395562923,6,e
502,0.7496163742911915,3.314014635105018,0,c
503,-2.2944856611630273,0.4339571716955459,4,e
504,-1.0731964219008776,0.312060948606886,2,e
505,0.6781890516948731,-0.06676076346871662,4,d
506,-1.6716670772667355,-0.06161117803086367,1,e
507,0.33953069772457334,0.5061357067416852,4,e
508,-1.081939088663677,0.9171620530940758,2,e
509,-0.43802042797792184,2.6247717103843704,0,c
510,-0.34334482926458654,0.11866492890015407,4,e
511,-0.21860043761853928,2.1338206251083935,0,c
512,-0.8666782408996636,0.19841135106554983,1,e
513,-0.3398211907566107,2.718499398177864,0,c
514,-0.31618757519974106,0.14681578184136235,4,e
515,0.5034574238939953,3.2622993637449405,2,c
516,0.6061569855083294,0.4536030700787914,2,d
517,-1.0914923787754356,3.700237284354073,0,c
518,0.3024881871174169,2.882865909237757,0,c
519,0.2362995834041964,1.2079614368106926,3,d
520,-0.545066912171952,0.9827529761476538,3,e
521,0.8159335329375091,2.6493139100138716,4,d
522,0.2766566773233466,1.1456353167656852,0,c
523,0.28170369443722554,1.5379767953440426,1,d
524,-1.9331226434577768,0.4123652608913508,1,e
525,0.3261101426747188,3.705685418824148,0,c
526,0.25166426446333734,2.459878460042975,5,d
527,-0.5565387432879516,3.9009603929931993,0,c
528,0.030799545839001203,2.5197180730724886,0,c
529,-1.013018178461595,1.0016750958564267,4,e
530,0.3178609919517855,3.1568351329426263,0,c
531,-0.8007481752043908,0.5405489570383339,2,e
532,-0.021329661528431965,0.5858180179213465,2,e
533,0.443345002044035,2.148576552317099,1,c
534,0.6473643988283333,1.6450090890870106,0,c
535,0.656505251931106,2.80865246679239,3,d
536,-0.6905412268800757,4.408245461097248,0,c
537,-0.03598042225505058,4.185915314343783,0,c
538,0.015455292164182177,0.8745253925163292,2,e
539,0.6145655750470388,1.4012439543250796,1,d
540,-0.5754075141711016,2.5774115636054726,0,c
541,-0.4098334536865368,2.384872551418159,0,c
542,-0.935690529337434,2.035878161826463,0,c
543,-1.3427753476887796,0.5118130121963691,1,e
544,0.48515374503246317,1.7099910058674452,0,c
545,-0.35570274059200335,0.535727390910167,4,e
546,0.5076208742883723,5.159627185624638,0,c
547,-2.325576084832119,0.4434309453917249,1,e
548,-0.2605065036034323,3.652499264777018,0,c
549,0.03993871277528187,2.4848391670551493,0,d
550,0.9294703983507733,2.7035089124827567,0,c
551,0.49745566556728255,1.6004489548642142,1,d
552,0.7122135296418383,3.1529531185965807,0,c
553,-1.751176700975936,0.3084329350229695,4,e
554,0.6658347560111681,5.261671979158713,0,c
555,0.4369456919446332,4.437624294131576,0,c
556,-0.029508360595426053,2.80645496521705,0,c
557,0.015415206398258467,3.4237245624041064,1,c
558,-0.9954294021937601,0.38117486991126315,3,e
559,-0.4815239407307139,1.7103518005955056,0,c
560,-2.0239441323292855,0.3368236903305905,3,e
561,-0.09541692933172163,0.506769917229943,2,e
562,0.39566842785233153,1.706646660312098,2,d
563,0.26741612123222813,2.3201668332227756,0,c
564,0.5352068002796677,1.6954202961515166,1,d
565,-0.6290388418077044,0.11168025381607125,6,e
566,0.14865141068225385,3.8227313138886188,0,c
567,0.7619882651748602,3.7573997269626633,1,c
568,-0.5944947881604756,0.5276290411215528,0,e
569,0.5253756662423336,2.4307963460045254,3,d
570,0.455250227895039,2.2579258487068543,0,d
571,1.290741169665241,0.5175066405505437,2,e
572,0.4157075366609924,3.0807956066217326,3,d
573,-0.10553437076131203,3.3262889964644122,0,c
574,-0.2633919704006995,2.891582077563471,0,c
575,0.024486947137239826,2.6178486672585732,0,c
576,-0.6164442839402999,1.0599575915176462,0,e
577,-0.32950942305113334,4.3671614356681,1,c
578,0.36797524524616404,0.7616248497715146,1,d
579,-1.8020720637810101,0.2704515915154839,3,e
580,-1.6892922034623226,0.12041863179968554,0,e
581,-0.9552000499666999,-0.07270271537291191,0,e
582,0.9832463885281957,2.7673585856452636,1,c
583,0.19957213751823003,2.049495314448147,2,d
584,0.32622529735267686,4.942536985354269,1,d
585,0.4539227731986238,2.624919970926708,2,d
586,-0.2843009585764428,0.3345949286334545,3,e
587,0.6300256385160776,1.2811542460258223,1,d
588,0.4031928336124566,1.5011125102304983,3,d
589,-0.06736848745742065,2.973898640879778,0,c
590,-0.4659295218406758,3.7342807204875363,1,c
591,-1.8833499907891609,-0.0764691626307074,4,e
592,0.3683524272514703,1.7131657094354524,2,d
593,0.38623128833434656,1.3282370148629563,1,d
594,-1.1597442025467055,3.4968498480487047,0,c
595,0.4288026739099881,3.696262315780578,1,d
596,0.1498566406421012,2.9804290192304315,2,d
597,0.2828196396203754,2.3695521539993534,1,d
598,-0.8477451216303408,0.36665297035037714,5,e
599,-0.5710217867291912,3.6306798545924863,0,c
600,0.21947832972295145,0.5626543303035392,4,e
601,0.17325576632284326,3.726190306371735,1,c
602,0.565561599860951,3.767602868214123,2,d
603,0.6783061494725644,2.5941239600685173,0,c
604,0.6847158828435868,1.863128021541839,0,c
605,-0.001710430295036619,2.7954887989020065,1,d
606,-1.8745979220413735,0.3700619536150624,4,e
607,-0.4926099495522888,2.93695111822013,0,c
608,0.7224909324612979,2.192676180759661,2,d
609,0.4226488734487617,3.466196466929449,0,c
610,0.05006310102447901,3.7979404761291793,0,c
611,-1.0599055381054459,0.895191883374407,1,e
612,-0.030713803821352213,3.507242157000104,0,c
613,0.5479430124941675,3.108143042911594,0,c
614,0.8672512879423416,0.9744275468500734,1,d
615,0.6329404425173368,2.960886877759005,3,d
616,1.6381805820506439,0.4286532825396698,7,e
617,-1.4553709889759707,0.747721683982577,4,e
618,0.4193259388621605,3.96051005118146,2,d
619,0.7084758032686173,3.800887528692091,0,d
620,-1.8147601971773504,0.5201634689652184,6,e
621,-1.5828833906223931,-0.30190754200538833,1,e
622,0.8149905509968681,3.2093654780066116,1,c
623,0.6060716858024858,2.0207689685493837,3,d
624,0.10902194605953186,2.32209543576923,1,c
625,0.4791332465893514,2.0828954960707002,3,d
626,0.4602188730926702,1.8290124202643376,6,d
627,0.4377157239258882,3.2961413683400984,2,d
628,0.7621685097286927,2.7531092922557745,0,c
629,-0.04806998363486677,3.458921994352938,0,c
630,-0.20083979334986612,0.9745544329086899,2,e
631,0.5384760099214041,2.690417039577023,1,d
632,-0.23366290761366018,5.421931468545496,0,c
633,-2.6294717729251897,0.8093700703184751,4,e
634,-1.1744698347138651,1.0377483996362096,2,e
635,0.8898676016354545,2.175888435236298,2,d
636,0.6959766432797693,2.5045921848460475,2,d
637,0.47782821195793646,2.309264962201847,1,d
638,-1.3262611860481954,0.11242584354762765,3,e
639,0.5124405185003365,4.968332353253783,0,c
640,-0.34866399808667914,1.5594804605121928,1,c
641,-0.07592082085336566,1.8494263335467784,0,c
642,-0.19168032775190938,2.578802307018686,0,c
643,-0.5344205911560964,-0.04036820711812179,3,e
644,0.5440251225959228,2.1001571952341553,1,d
645,-0.9043377684543902,0.8987033836598258,1,e
646,0.5034732345057402,2.541086852775412,3,d
647,0.3385151550969175,0.8064665371905164,2,d
648,0.5797224577319692,1.99002480674556,5,d
649,-1.3765325271787476,3.0129030025633763,0,c
650,-0.21735362998534147,0.3040010416985972,2,e
651,-0.1961118499722481,3.854410481784761,1,c
652,0.05881137519430464,1.5272089470796106,0,c
653,0.4804770465015305,1.9861134577772612,5,d
654,-0.5794516789030799,2.6029678814208426,0,c
655,0.3813716107309812,1.89999981534122,3,d
656,0.20063955323968677,2.770266973770829,0,c
657,0.6839954329754634,1.8638003696785452,0,c
658,-1.5512633663447855,0.3013515770280587,3,e
659,0.6433311908749683,3.936252325019213,0,c
660,-0.3701023415891488,3.2049401939806237,0,c
661,-0.6618456648119095,0.6311217021322629,1,e
662,0.8307529027727621,2.4094897457466535,1,d
663,-0.8299502553075455,2.3520223463738037,0,c
664,-0.6902058886832537,0.15659090238390705,4,e
665,-2.4709435390684704,0.7090723099518148,2,e
666,0.7890640669447031,1.8098725290905981,1,c
667,-0.28447284762215475,4.589734784533654,0,c
668,-0.03302274754808659,2.863119777472334,0,c
669,-1.4830614159292383,0.39424887787756946,4,e
670,0.48722363685084463,2.640589070058195,4,d
671,-1.3593473525550037,0.7432511281345889,4,e
672,-1.7773414659243278,0.05366268533939793,3,e
673,0.18066173545858474,2.3016176295902597,1,c
674,0.5251958160163622,2.555089852367059,0,d
675,0.37572436993032604,4.55947704308665,1,d
676,0.5144042068723074,2.7628808087187453,0,d
677,-1.5967028173476736,0.41120066447964276,3,e
678,0.6186959780109652,1.2548305494699337,1,d
679,-0.5632669242972511,2.6643773180638632,0,c
680,0.37709675126299463,2.7673952580880945,2,d
681,0.27354769991766525,1.6699159997769564,0,c
682,1.268424029316268,3.4486189401283127,0,c
683,-0.1796852695270307,3.7394544703120345,2,c
684,0.12889590118840455,0.37176450488122614,2,e
685,0.4706099323891174,1.9698125551469465,1,d
686,-0.6605208158833918,3.2983938747007064,0,c
687,0.4410489579379194,2.369316978664432,1,d
688,0.4306214581861121,1.3980650979173053,0,c
689,0.5645921819306491,2.8712277644105573,3,d
690,0.6699605612063172,3.999624890467632,0,d
691,0.6820960898576347,2.6623627295988617,0,d
692,-0.4891555540069049,0.6644562413923581,2,e
693,-0.17574907786333535,3.4252194369568323,0,c
694,0.5147005520202854,2.794847977391844,2,d
695,0.40717603287328114,1.422584529544885,3,d
696,0.6950443509499903,1.8910936977360278,4,d
697,0.5303723079463616,3.9364012397704657,0,c
698,0.08834666555827571,2.461659075260944,3,d
699,0.5711053560385303,-0.2908461707417529,2,d
700,-0.40341140353890476,3.676237152201004,0,c
701,-2.4330987852995145,0.4514503789685539,0,e
702,0.639830269581451,3.0983285989372016,2,d
703,0.028529576430179733,1.4680418557509558,0,c
704,0.6698756077503213,3.806013329338266,1,d
705,0.9610047133535342,2.821503940838492,0,c
706,-0.9572750690960498,0.45377915748294895,6,e
707,-0.5256624943084474,0.5200026425327441,4,e
708,0.5809626686394048,4.656091573616374,0,c
709,-2.598428799560725,0.2602108779289784,2,e
710,-0.13130055513134958,3.1911911350472812,1,c
711,0.15117538059872845,3.527635037147409,1,d
712,-0.40179758858684955,2.4680781885390815,0,c
713,-1.0622045700070144,2.102516395770752,0,c
714,0.6025030490124555,2.0815730195325783,2,d
715,0.13438617202846787,2.151339931972603,1,d
716,0.21324474308548666,2.402322528252815,3,d
717,-0.40911623828173427,0.42840005518535756,4,e
718,0.5009476556182196,1.801071695119505,1,d
719,-0.7341403237584804,2.700235010737236,0,c
720,0.5254195729398211,4.022035724595226,1,d
721,0.8669021002161909,1.6783652191322953,2,d
722,-0.2636278305425946,3.7151180197202454,0,c
723,-0.16606550627947525,0.7032729049706476,9,e
724,-0.26200558068009294,0.035484863850310994,2,e
725,0.7088169557385307,2.0943986877597234,4,d
726,0.5124573287718958,3.4708501694983127,1,d
727,-0.9782424730287685,1.003945188445115,8,e
728,0.23250746559153632,2.8055699178717295,2,d
729,-0.47827794923725664,0.46814364364449673,3,e
730,0.3565052193104878,1.6876832945689073,3,d
731,0.29785019641764965,0.5084934124496432,3,e
732,-2.000291377774449,0.22256476000951142,4,e
733,-0.1963256821631613,4.29446089537954,0,c
734,0.5836729928797681,2.6501720897140175,1,c
735,0.5649592979771483,2.2148060547952495,1,d
736,0.5274212097770934,1.0249975789482602,2,d
737,-1.297030228027361,0.3842284914471846,3,e
738,-2.3482064717013644,0.7067579726010988,4,e
739,-3.0743814742482787,0.6528269266779948,4,e
740,-0.05705804596056988,3.2263305898927923,1,c
741,-0.450975285497872,3.93012335157475,0,c
742,-0.4370936913917235,2.307310787794085,0,c
743,0.5743580961244941,1.4112829080052662,0,d
744,-0.2384736937150081,2.8636720410218426,0,c
745,0.46344704916909846,3.9202745474509744,0,c
746,-1.1087458789934543,2.0571009321736864,0,c
747,0.5143459297921924,3.712759862592863,1,d
748,-1.4238077869757455,0.38187157005341477,3,e
749,-0.14477188491365064,3.055900052778274,0,c
750,-0.2668710255082142,3.3605148025172875,1,c
751,0.34136430485300817,0.8419161119893612,0,e
752,0.10126385209483693,2.2386115745301085,1,c
753,0.023071057533365913,0.7249340177907577,3,e
754,0.014626208439635788,4.1292661446879215,0,c
755,0.6356450162214554,2.8845246305945995,3,d
756,0.14357971659463953,4.444964913242777,0,c
757,-0.5440932961973881,3.6672803872572426,0,c
758,0.5177456696168137,3.9071052221702507,0,c
759,0.8037439171432614,3.7015717006169613,1,c
760,-1.4236384709445578,0.30512844775771064,2,e
761,-0.4055134223667662,2.749210904371967,1,c
762,0.48525388871679226,1.2929830877864605,5,d
763,-0.4534450746183796,0.14809603043566388,1,e
764,0.4601600093008912,2.2174472948813495,2,d
765,0.34123908942600245,1.3346222064143562,2,d
766,-0.8035327223889104,0.5119826040213086,4,e
767,-0.2467567337948806,0.3964954469967618,4,e
768,-0.27361831498299743,3.8493062083491676,0,c
769,-0.5949832774930892,0.38659608146341323,9,e
770,0.26590096011316616,3.179231789773721,2,d
771,-0.9181684318051933,0.43985218611019483,3,e
772,0.3564277654153975,2.7859483026855414,2,d
773,0.5955459915689423,3.7202891551528374,3,d
774,0.4959456542959023,2.1097615019609295,0,c
775,-0.09796865807984638,4.002535877496953,0,c
776,0.5168497134426696,3.8815264360757693,1,d
777,-2.30075807150631,0.7765640701204706,2,e
778,0.663071108581601,1.1288743547151785,3,d
779,0.7378675765619772,1.917733776174361,2,d
780,-0.6099700771330147,0.3714774174914671,4,e
781,0.0413075474181282,4.212968447968391,0,c
782,-0.10097147266162865,3.286120389695182,0,c
783,1.376881657660527,0.0049449347419499206,4,e
784,0.24986100028563635,2.522594955278723,1,c
785,0.34664636483903866,1.5998909844226854,1,d
786,0.4503765433745345,3.3128438233890725,0,d
787,-0.9095966781421156,0.597709457801464,4,e
788,1.6596515992913319,0.4468522358747857,3,e
789,0.5483552675968851,4.277720856512522,1,c
790,0.5066115192408377,2.765914334271009,0,d
791,0.5829352842001526,3.1743816366257236,3,d
792,0.490413956593382,1.6265818377657306,2,d
793,-0.0575608264132336,3.1679054247698475,0,c
794,-2.2213303303546255,0.05020865376800964,2,e
795,0.3257728273962632,1.8892594888729124,0,c
796,0.2983645750427427,2.586894151936375,0,c
797,-0.5897620795683719,2.5775927428099967,0,c
798,-1.4340600464446216,0.2563279404618079,1,e
799,0.3646163418524282,1.854734564214231,0,d
800,-1.3705826082471342,0.44664887120271046,1,e
801,0.8041770464500904,3.428244804995876,0,c
802,0.3974153456953744,4.7623293774578785,0,c
803,0.3747424963975849,0.9731522953277749,1,d
804,0.23710752022143208,3.349275300308219,0,c
805,0.5158878646888532,2.1377872015195223,2,d
806,-0.999631207778221,1.1030509341491546,1,e
807,0.2429575858384706,2.886953284293147,0,d
808,-0.08982361276784626,3.0294801440881,0,c
809,-0.1872822222826149,2.8375998608852733,0,c
810,0.826510460422381,0.4945473684299796,6,e
811,0.23776229679899377,2.1909516914356475,2,c
812,0.025948610563333117,2.128347723815352,0,c
813,-0.03385201722434068,2.0245099520261802,0,c
814,-0.6496005980829989,0.6720885538540257,4,e
815,1.0046588139210784,1.7959660794049772,2,d
816,0.08546079292251774,-0.04196609569095971,2,e
817,0.35970154299767715,3.8045575008687704,2,d
818,-0.7185537775027637,-0.24323100798045708,2,e
819,0.4231104781052153,3.164668920377177,0,d
820,-3.220337822324531,0.2983182173557323,4,e
821,0.3257661781344837,1.0858986273308484,1,c
822,-0.5399242516001301,0.09965989218064976,4,e
823,-0.8424335696066843,0.23446467842757399,3,e
824,0.7006419906088619,3.7686851903536263,0,c
825,-2.8577739879045216,0.19722241796832415,4,e
826,0.7011836985279001,2.8459593939112215,0,d
827,0.40741335363494036,3.2424854307170206,0,c
828,-1.829134053193274,0.5433015655949215,5,e
829,0.06857544506591787,2.936452696402041,0,c
830,-0.314802265388894,3.306506296511639,1,c
831,0.3643457357845696,3.5872062735720425,1,d
832,0.6035009861091464,2.168762850504866,0,d
833,0.9023089540186793,4.063795604934537,1,d
834,0.4983515330577084,2.754607513307474,2,d
835,-0.5264989071905888,-0.045068651787098846,8,e
836,0.7094058813765939,1.8361596238532705,0,d
837,-1.8955629430564007,0.9125755480757787,1,e
838,-1.1306307297166704,0.35336241794653683,1,e
839,-1.460829349064355,0.2612546272195888,2,e
840,-0.7343098326095043,4.342209749013428,0,c
841,-0.052319294832458785,0.3529047063824905,3,e
842,-0.4038631532232611,3.917087835105782,0,c
843,-0.8338714278041788,3.3609444940974655,0,c
844,-0.43471700852560213,-0.027029010833946224,3,e
845,0.9511449449398547,3.2795844942058126,1,c
846,-1.4315727409030987,0.06470894328832483,4,e
847,0.12348039691519741,0.4189849761967585,2,e
848,-1.005909720195521,0.2536184721399839,4,e
849,0.2951077699138074,3.9879127697055066,2,c
850,-1.3118854513346108,0.304133447807728,2,e
851,0.48560013129600743,2.5117648172443534,4,d
852,0.18448206987371552,0.2606209439358265,4,e
853,0.23314736042767437,0.4613236531286127,4,e
854,-0.5404799371588999,3.4870685738626053,0,c
855,-0.830499069851494,0.5922991378378428,4,e
856,-2.0894155767104063,0.8370786334820571,4,e
857,0.6269018948666844,3.121123059886309,3,d
858,0.9716494032792036,2.5512618847507733,0,c
859,-0.23305835880106238,4.233191841687154,0,c
860,0.52186740510215,1.0114630344100697,3,d
861,-0.18936223186518708,0.4884493705109085,3,e
862,0.47639598226143404,0.6240582804385815,6,d
863,0.02680471963327738,2.930948935660629,1,c
864,-1.5623620653827843,0.8259844604826059,1,e
865,0.11766731462838181,2.940650759850401,1,c
866,-0.1330207012088428,2.088509391008918,0,c
867,0.5564076447377782,1.6432859162976152,2,d
868,0.32265544760589115,2.4959754019216756,4,d
869,-0.8607620075318664,0.13194382477642336,4,e
870,0.10847800480632991,3.124764772519984,1,c
871,-2.2957789552550585,0.5406868922788969,4,e
872,-2.0342503204443947,0.6504345457575985,3,e
873,0.958368490400168,2.42799453426171,0,c
874,0.5985228921537626,0.9374925189335599,4,d
875,-0.3033033787426226,3.4000194622986815,0,c
876,1.3422532283308106,1.6908890589519983,1,d
877,-1.5190858178825914,0.4172143987224145,3,e
878,0.45502442516698477,2.4391907985091836,6,d
879,0.5026947971122224,-0.8236233157163468,2,d
880,-1.2574370641310695,0.29691527150348873,1,e
881,-0.4240741091395056,0.22097078881783822,4,e
882,0.29089647484852144,0.5343645853079864,5,e
883,-1.7219718015301304,0.3650211430509696,4,e
884,-1.3240882556219682,0.5582160945138694,2,e
885,0.6019195444664303,1.2842799832881029,1,d
886,0.44935474420818833,2.6207144057674494,3,d
887,0.5236677915423316,1.559011665669217,1,d
888,0.9227994527443466,3.0968389305897084,3,d
889,0.5562688483353917,2.598986269198792,2,d
890,-1.046080052616052,3.5137577377858897,1,c
891,0.34889877427549437,4.809952729286425,1,d
892,0.28310272953661575,2.0557719833003607,2,d
893,0.4790759813727975,3.0397226012406895,2,d
894,0.44226567906625514,2.001725974960682,0,c
895,-3.2411746365027723,0.23485719171578,1,e
896,0.3852536706021921,2.3190514529774724,1,d
897,-0.028049514848466062,3.922406662829708,0,c
898,0.15645948385668562,3.367134032043528,2,d
899,-0.15166248024787943,0.24261023179538466,3,e
900,0.17630214961770155,3.560092472662288,0,c
901,0.4474764193019266,2.8229872218846053,1,d
902,-2.3921061048073136,0.29240191122612413,2,e
903,-0.2015513264350105,3.1209346222706857,0,c
904,0.47726310478355544,2.2372532450144345,1,d
905,0.5509021736159931,1.9563654033110993,0,d
906,-1.195307021974047,0.07915434343271803,5,e
907,0.3489233561394753,2.4716347510870187,2,d
908,0.0023556130622104376,0.5352437285628994,4,e
909,0.7157638322688541,3.043235703453643,3,d
910,-1.49479268385313,1.149327436688899,4,e
911,0.47918426834616734,4.536208075607899,0,c
912,0.5396274027243,0.8492175674481686,4,d
913,-2.0228066192081284,-0.21423477592771062,3,e
914,0.7434738193948017,2.922796460812996,2,d
915,-0.1600261960363941,3.1174156846776615,0,c
916,0.3650634622150498,1.5737082645914002,4,d
917,-0.38762763637651465,4.810267315335074,1,c
918,-0.7711322289115825,3.2156129112666845,0,c
919,-1.6597039209608595,0.22711607292273717,1,e
920,-1.7419506900648665,1.0431898002940292,4,e
921,0.6732239797376945,1.449562387838588,2,d
922,-0.8082992781809569,2.651583959807729,0,c
923,-3.3464912672207436,0.4557701569441281,6,e
924,-1.6276835802026854,0.6119149553185357,4,e
925,0.7923825685374756,3.2919253385865574,4,d
926,-1.4513381509265209,0.828818022958157,3,e
927,-0.0707724928929407,2.629081689622458,0,c
928,-0.9802542671571688,2.4945500999829124,1,c
929,0.13547220743174754,3.858732441032797,2,d
930,-0.8610868722939827,-0.07386637926222032,7,e
931,0.3804745433733231,0.4568312621731492,2,d
932,0.13894250962608737,2.4584117912162515,0,c
933,0.5822397754304042,3.7225999646459504,0,d
934,-1.1525041606311723,0.8219357775582515,0,e
935,-0.4446026582637226,4.091302552980922,0,c
936,0.9021886831879338,0.4995975379010981,1,e
937,0.10920712254335255,2.782121318787498,0,c
938,-0.17671204169113552,0.6156576236088505,1,e
939,-0.7831899405582075,0.35917049695130426,4,e
940,0.47075164912046075,3.7117743004331083,1,d
941,0.5961102424451202,2.7383626700713783,2,d
942,0.7091030420589519,2.593828930142385,0,d
943,-1.5698752273867251,0.047019614653228785,9,e
944,-0.18083732557081036,4.045579452900324,0,c
945,0.6313879582071424,3.4147164291031,1,d
946,0.6420566913132144,3.0077329184615933,1,d
947,-1.8251894945416334,-0.08122044808762119,5,e
948,0.5299918376559547,3.6272549388938833,2,d
949,-0.6789438835167454,2.4673691897998653,0,c
950,0.7437529621594091,1.4505465837622489,4,d
951,-0.3732129599494922,0.2577907884854791,3,e
952,-1.6202468992646917,-0.06810105356473947,3,e
953,0.6592342796051898,2.222161692174344,0,d
954,-0.28072676988936035,3.237634338732644,0,c
955,-0.04590690398635999,0.6095041341855757,3,e
956,-0.8903578494870529,0.33342213114711416,2,e
957,-1.0173135228466819,1.2755054182556143,4,e
958,0.36743778296611396,2.4348381402067987,4,d
959,-1.1761322768124014,0.871026372263973,1,e
960,0.49360440240650044,2.2596793799264625,0,c
961,0.6193750850755447,3.0589597283461245,4,d
962,-0.3244675533060878,2.152633291591642,1,c
963,-0.8328105313535743,0.9246558183353945,3,e
964,0.013793287536876479,2.123906575984308,0,c
965,-0.7081761178002282,1.555287918825418,0,c
966,0.4511749110958669,3.1326298738578053,4,d
967,0.9699891086529571,0.8237201013103211,1,e
968,-1.4994340364395748,0.5595094407718151,5,e
969,-1.517536893628276,0.37183005446115547,6,e
970,0.4638176595281546,2.9468338056088137,1,c
971,0.08060312228060933,2.675792489397967,3,d
972,0.6898358903385707,4.137074247815029,1,c
973,-1.513840880199907,0.5898217990694488,4,e
974,-2.6917705943126857,1.205711394601952,2,e
975,0.5090651820381661,3.6841488404881657,2,d
976,0.3534780812252076,1.9551518667507293,0,d
977,0.6517796840794422,1.017300105235112,0,c
978,0.14248024863311393,2.0474516883911686,0,c
979,0.5615388684913188,2.7180682924220556,3,d
980,-3.102367866478044,0.8476214191921958,3,e
981,-0.09043008476618876,1.646891145512707,1,c
982,-1.4700862544553102,-0.08754529427567828,2,e
983,-1.4940140093934136,0.5300766632281377,4,e
984,-0.3114185275554445,0.706875124733879,4,e
985,-1.9626054036805742,0.5298513979948523,3,e
986,0.6162789040118908,3.725689234821374,2,d
987,-0.3480770131311999,4.342423340322284,0,c
988,0.7737991096078626,3.382449449528889,2,d
989,0.35410208089338396,2.745091860490587,3,d
990,0.2635760491513297,3.8398984074241724,1,d
991,0.6210894136252909,0.6272459095634663,2,e
992,-1.214072376338707,0.3193549821551589,5,e
993,0.7056828282426639,2.110101039296808,1,d
994,-0.773903909996893,3.137762566505626,0,c
995,-0.86320714685337,4.458854239940301,1,c
996,0.5816230219448449,2.767682875629618,4,d
997,0.4838625550623594,2.337631751145523,4,d
998,0.35686858333853927,3.034890398347742,1,d
999,-0.26191795151674857,3.5832781943901604,0,c
1000,0.22340884672521757,3.11652389520762,0,c
1001,0.7388282147011291,2.4947416818850225,2,d
1002,-1.0893207552781898,0.30610192312782514,2,e
1003,0.5201987800082802,2.8208126677882994,2,d
1004,-0.22141673656023553,4.146773860440025,0,c
1005,-1.4589266229147844,0.9107957405544408,1,e
1006,0.7799964224415373,0.938208509617106,4,d
1007,0.3034345352814521,2.1182393756099205,2,d
1008,-1.627148259450225,0.7121910936089,4,e
1009,0.26183043892749014,0.8134329616455773,3,e
1010,0.15892841265414454,4.010081898543393,1,d
1011,-0.6038853772359072,4.21306826182798,0,c
1012,0.5308287680300346,3.343030734166883,2,d
1013,0.4347293961150566,4.69535602611056,0,d
1014,-1.5754033368734097,0.6845142665638795,4,e
1015,-0.5079095469492229,2.7103617337440262,0,c
1016,0.34952189431727304,2.7815888499907953,0,d
1017,-1.0701912886649405,-0.22840092321190567,2,e
1018,-1.3775200981607858,0.8552749772747132,1,e
1019,0.38746395958552304,1.9233381132914962,1,c
1020,-0.1443662630057605,0.7593101799854218,2,e
1021,-0.1481862924149451,2.397818966895826,1,d
1022,1.2196530147506648,0.27187386529414037,1,e
1023,-3.5139314932821035,0.8675462126788807,1,e
1024,0.6502347225469934,2.1757192329064425,1,c
1025,-0.19466952249493996,2.802082740058766,2,c
1026,0.6669625582070212,3.419244395493778,2,d
1027,-1.4805758390504147,-0.2703889278834532,4,e
1028,0.43121621022562423,1.9635670707459116,1,c
1029,-0.0022244101679025187,2.4481022840043267,2,d
1030,0.527660404351149,2.70983594971637,0,d
1031,0.49879367860339924,3.529318343874941,2,d
1032,-0.24523368227143374,1.6878307568317343,0,c
1033,0.2776709035357687,2.272573193236346,3,d
1034,-2.6118448056993686,0.4456864717791862,2,e
1035,-1.1910267558193917,0.36857169225292696,4,e
1036,0.08013031513381477,3.3463139971300926,0,c
1037,0.3400488610553031,3.6174023147250507,0,c
1038,0.25970240634770636,2.263069596116817,4,d
1039,-1.7209258372829246,0.7011625586355898,2,e
1040,0.01221791229443265,3.467984483605141,3,d
1041,0.03626764428715945,0.8651235886391669,2,e
1042,0.49986428124569543,1.5319697036561037,3,d
1043,0.6525240168114307,3.4331182538411635,1,d
1044,0.5882005105560357,2.950654272040337,0,d
1045,-0.6782761079213643,1.4989201347912133,0,c
1046,-0.17699054413608514,1.9875299912902022,0,c
1047,0.3257351233450017,2.9538223320033414,1,d
1048,1.6004964017420273,3.1227094487276634,0,c
1049,0.4278700733918608,3.7460650862309803,2,d
1050,-2.5304545057785894,0.08525641441428186,3,e
1051,0.41379102395978595,3.402021099460286,3,d
1052,0.03453439987637783,3.583567739108324,0,c
1053,0.37672778120012135,2.894741570804693,1,d
1054,-1.1608989743757698,1.7379546066758191,0,c
1055,-0.41591811233934795,0.8327447590037929,0,e
1056,-0.21893213008831414,0.28030329611982846,1,e
1057,0.12431273006196336,1.9020078181215048,0,c
1058,-0.9270560809571672,0.4393155530447076,1,e
1059,-0.7665903519495723,0.8169624658512401,4,e
1060,-0.1061470827230701,1.2952976053977827,0,c
1061,0.48831517030777216,2.7720851499423818,3,d
1062,-0.008981733341939857,0.47684628819551966,4,e
1063,1.121746108845374,0.32707376810446454,2,e
1064,0.6777652167408142,4.172998481782239,0,d
1065,-0.9248472850382663,0.5955767937031903,2,e
1066,-1.3215225176733898,0.6789089764410855,3,e
1067,0.08921135984024105,2.203337742651593,1,c
1068,-0.7352549110577045,0.7782983692811383,6,e
1069,0.5231061307464864,0.5982563885032124,2,d
1070,0.003973762523462376,0.9761590087754981,5,e
1071,-0.3509676151078752,4.853437260514347,0,c
1072,-0.12053190804926364,2.1589729118905754,0,c
1073,0.8349641397244686,1.8517993368370345,2,d
1074,-0.6760296715770848,0.46014161446580476,2,e
1075,0.6240030841555436,3.7962289798079603,0,c
1076,-0.8565771372986332,0.4086014454687975,3,e
1077,0.29932169076152954,2.052688973315926,1,d
1078,-0.1736658049298775,4.718069790487659,0,c
1079,-0.6621473679978649,3.1363068071909304,0,c
1080,0.42614412686389336,3.530892066304474,1,d
1081,-1.2091744902307608,2.4952127962033015,0,c
1082,-1.0241086447736862,1.4406697614069652,0,c
1083,0.10089797406329326,2.0531382381848924,1,d
1084,0.20066300499712672,3.054677569561527,0,c
1085,0.5299907761645359,3.0419326244084077,3,d
1086,0.6788846145006395,2.242440180879723,3,d
1087,1.272931572864905,3.1907997177974456,0,c
1088,0.28599819560123263,2.819292454186536,3,d
1089,0.24214588748114563,1.094456843477561,6,d
1090,0.7134169174817895,3.5988020524822266,3,d
1091,-1.2512240478396341,-0.1261860992190529,1,e
1092,0.7388454356627718,2.9190505229624195,2,d
1093,0.7295803189213941,1.1309490070590775,3,d
1094,-0.06466263859931606,3.058420801955431,1,c
1095,0.35370450172143725,3.3254073415218643,3,d
1096,0.5275759136533966,2.7921944091081237,5,d
1097,0.0829610462410332,2.983022101518767,0,c
1098,0.6955300427919795,0.8036882439040742,2,d
1099,-2.8271233062248022,0.45747138993029873,2,e
1100,-0.7388449196167448,3.295120113836218,0,c
1101,0.5877548937943858,2.384678750601832,3,d
1102,-1.0231800005052416,0.28105393438635723,3,e
1103,-2.2573334136525958,0.49307169113242494,6,e
1104,0.5074707766376515,2.836694481414001,4,d
1105,-0.7880283381413165,1.9674836592006684,0,c
1106,-0.35691203805257865,3.3118717078949786,2,c
1107,-1.595175838700989,0.6154703979709807,2,e
1108,-1.964023958881112,-0.14281398418580046,2,e
1109,-2.975099754892211,0.6979966990920046,0,e
1110,0.3039842993893107,0.36325958787018964,3,e
1111,-0.9348585918500372,0.34903756437766986,8,e
1112,-0.3362708219278977,4.064694459853985,1,c
1113,-0.39728788996266884,0.5213973403649865,7,e
1114,-0.2687900102336883,5.535847702053401,0,c
1115,0.32875678230808186,2.288023716890522,5,d
1116,-1.0106629136793592,0.8866624412658743,4,e
1117,-1.411246496225564,0.6722287758611143,1,e
1118,0.1127749878931319,0.5722941387209961,4,e
1119,-0.1299214363116029,2.0827888817885745,0,c
1120,-1.176824073792362,0.2970672641429017,4,e
1121,0.11841251902898488,2.590841863428878,3,c
1122,-0.1432254063794986,3.404039288453145,0,c
1123,-3.427594896177518,0.442891172765263,6,e
1124,0.456404758423001,3.1507967400967836,2,d
1125,-1.591341069263867,0.46090406637695985,1,e
1126,-1.840117845621803,0.6951117666534539,3,e
1127,-0.5121712705592318,3.896743058335516,1,c
1128,0.43221806671518737,3.094525243279207,0,c
1129,0.7144342827517488,3.254978041005301,0,d
1130,-0.5318520545854079,4.014518999643611,2,c
1131,-1.0618709296346454,0.45863517165196005,3,e
1132,0.20841021462369994,3.138491905430294,0,d
1133,0.6302546021310904,4.057211438912633,4,d
1134,-1.555361269343881,0.33367125982474904,5,e
1135,-0.6881312944879574,0.8689040452197068,2,e
1136,0.436151499989014,4.6521125793551406,0,c
1137,-0.6077384372452587,4.568974543660825,1,c
1138,-1.2481054310801496,0.32927367876652763,0,e
1139,0.664102997957587,3.797106199548173,0,c
1140,0.5419967202719145,3.6539030795206626,0,c
1141,-2.2396252398430487,0.7120557044675608,2,e
1142,0.5956531921324503,1.332740285762531,2,d
1143,-1.2725583374766698,0.38492171997030045,1,e
1144,0.6022062528941887,2.7567804866171404,4,d
1145,-0.3670907706095753,0.3724996048525516,0,e
1146,0.06209431317078429,1.0115928743619782,4,e
1147,0.6973230970795607,2.6313150953312254,3,d
1148,-1.1781298200752048,1.0594579686838739,5,e
1149,-1.6611342841713572,1.1405097179149737,4,e
1150,-2.1224348726273528,0.6199910704829015,4,e
1151,0.4007026385349964,2.2646445521296887,2,d
1152,-0.008078253114687673,4.324892036006218,0,c
1153,-0.17128469846301558,2.5476132954936404,0,c
1154,-0.41300874491195866,3.956438566311396,1,c
1155,-1.2721024254960835,0.12826643353026865,2,e
1156,0.06784634038195263,1.2923743120019513,0,c
1157,0.41347317886642904,3.4906112201257837,2,d
1158,-1.5207688227366756,0.11391196123906326,3,e
1159,-2.084072854025796,0.5795538352670604,1,e
1160,-0.47624741548441263,3.4475158478280963,1,c
1161,0.5493490334948715,3.041811831969733,0,d
1162,0.2679818690305995,0.8223557922790905,2,d
1163,0.17591200469532162,2.3831094624151596,4,d
1164,0.040419188564126074,0.3506906264466614,4,e
1165,0.25080704997360725,0.36839765565441873,1,e
1166,-1.077141342313248,0.4619602201230925,4,e
1167,0.381085846513598,2.581494311554823,0,d
1168,0.3845419357664844,2.4305269314912454,1,d
1169,1.0618981589367555,2.0472279624071072,0,c
1170,0.34763213009188776,2.174435722586972,0,d
1171,0.08866019599489583,3.059073895747648,0,c
1172,0.010046928535176301,2.975848777686831,0,c
1173,-0.2726047969869379,1.0408869510435825,1,c
1174,-0.4403321196576596,3.017823031627788,1,c
1175,-0.5007553572738518,3.78300967494964,0,c
1176,0.3644902177565512,0.6119395625889296,0,e
1177,0.5423181845827462,1.8402157028985262,3,d
1178,0.02932884700380661,1.706105756946836,0,c
1179,0.29995673319115973,3.1376254375509527,3,d
1180,0.19266359652128437,2.6517518112565996,3,d
1181,0.27948884668937796,2.1354300387887215,0,c
1182,-1.8773759943640485,0.9009153872843978,2,e
1183,-0.3202669863882115,0.45210097062202226,6,e
1184,0.5440382174083591,0.8589324843909045,3,e
1185,-1.8836577883373553,0.3200687128837202,2,e
1186,0.5612532562285191,3.3803705475218964,0,d
1187,-0.7013642315654672,5.160868177299385,0,c
1188,0.43992220833320417,1.0198982798510232,3,e
1189,0.5384703669819624,1.3538711904605882,4,d
1190,0.6276658957323754,0.6362271650969391,2,d
1191,0.6937806452060363,3.1403477197277017,0,d
1192,-0.6844614227933935,1.635885526242422,0,c
1193,0.7042440164023501,3.8126587987180427,2,d
1194,0.21669863920371177,2.591049474861573,1,c
1195,0.9142102538754301,4.498092230138762,3,d
1196,-0.2548823007927721,4.3083648994424015,0,c
1197,0.6328641588685474,3.909070336390906,1,d
1198,-1.0470228499837708,0.6703994840765524,2,e
1199,-1.6367731434264599,0.43669016035899105,1,e
1200,-0.7250621920504117,0.38937414575710344,4,e
1201,0.07520554358144531,3.856141163120343,2,d
1202,-3.0924977467163957,0.16350635529559382,2,e
1203,0.3800662666060829,-0.5005648556228728,1,d
1204,-3.4334194140089935,0.3484270327390248,7,e
1205,-0.9233287968205556,0.3374475976043575,4,e
1206,0.6909024703632755,1.9282531677886474,4,d
1207,0.2723219557296133,2.5196173313504997,0,c
1208,0.8454876359179342,1.5102162630558604,3,d
1209,0.8550994302220961,2.2837722654486066,0,d
1210,0.44127151261392744,1.0943052667853372,1,d
1211,-0.8843270552424926,0.6422335714859294,4,e
1212,0.7292027055150956,3.4760443032508803,4,d
1213,0.35648347182676093,2.7466618128710367,2,d
1214,0.2907742029268216,2.2630729786512283,2,d
1215,0.6442694166838611,2.128746085610368,1,d
1216,-0.6733648264159992,0.40601405167426063,3,e
1217,0.2963487222887338,3.4694998475097942,1,d
1218,0.11170465850072839,2.9280567960990393,0,c
1219,0.3507468349318164,3.070810490882398,2,d
1220,0.01520972314180935,0.3145500765268213,6,e
1221,0.9936580350500935,5.078567697080705,0,c
1222,0.06052931810070456,2.9681326590778694,0,c
1223,0.4420404989338762,0.04001932557718958,4,e
1224,0.20962200826235583,3.730715673717446,0,c
1225,0.4922678030679952,2.744967310332521,2,d
1226,-0.7904009680343115,2.1798993352832987,0,c
1227,0.23856965276608524,3.09774774737979,0,d
1228,0.5135720284887068,2.371838843150075,1,d
1229,-0.038708771106138615,2.9318689887516522,0,c
1230,0.48288553274711415,3.384761364012885,3,d
1231,-1.6960547836339466,0.31413098828206276,3,e
1232,0.5418144895693915,4.125522446585324,1,d
1233,-0.7821123153784544,0.24575932307898465,4,e
1234,0.6472636151505691,5.15545525798758,0,d
1235,-0.058217807440576044,4.303710272869683,0,c
1236,-1.0302567769836208,0.393378266664397,6,e
1237,-2.5024065359460934,0.24914116597371488,7,e
1238,0.4122774630504543,2.4350926985618693,3,d
1239,0.6822930422056421,1.4388666572955526,2,d
1240,-0.25149226219431614,3.882278412715958,0,c
1241,-0.37761437504513007,0.5535527765376105,4,e
1242,0.7025748748701661,2.9247372362669894,3,d
1243,-0.996205218556488,0.20990387144109696,4,e
1244,0.15615595413890912,1.7111119669734989,2,d
1245,-0.35408305336248347,0.24005346083364598,1,e
1246,0.11198508151588513,2.210954556811771,1,d
1247,0.37749656367260565,2.693921007562936,1,d
1248,0.1397484248936502,2.3753514733963486,3,c
1249,0.1731002078815076,1.031127216899616,3,e
1250,1.1386817508050688,0.12692874959407394,4,e
1251,-0.20413763408779637,2.3740701702415334,0,c
1252,-0.025087604707185022,3.371717317202482,1,c
1253,0.28102775045222217,2.649619449564893,0,c
1254,0.04808298976564423,3.3571342417962518,1,c
1255,0.6902057440166005,0.7005809618714796,2,d
1256,0.2944644090953567,2.3837174238422296,3,d
1257,-2.1772726523537074,0.752494726262334,2,e
1258,0.40137524535268165,2.7787722879200354,1,d
1259,-0.13753681552542474,3.84033863734391,1,c
1260,-0.21554026271247106,0.2986577175829219,3,e
1261,0.5888420703054869,2.2583691139833,3,d
1262,0.35379805957726346,2.456382651913069,1,c
1263,-1.419061046301712,0.7254556164556115,1,e
1264,-0.4733724241985541,1.063145446722955,3,e
1265,0.03983314082311136,4.442856087608273,1,c
1266,-1.0507624516960288,0.6028818019299562,4,e
1267,-0.4039077133316682,3.5101388202550603,0,c
1268,-0.7328086608624588,2.906756163937538,0,c
1269,0.43456160157601614,1.0187187960442068,0,d
1270,-0.7984801085651498,0.4812203684403131,5,e
1271,-0.2850860528489315,0.37201794657531334,3,e
1272,-0.07841871045421048,1.5154104041543106,0,c
1273,-1.6150469395105964,1.2196630273583533,4,e
1274,-1.3960361384361768,0.5066348821384188,0,e
1275,0.6788860606890503,3.655455818449263,5,d
1276,0.33884207738506933,2.951696327039895,1,d
1277,0.6899259933760922,2.29965308134596,2,d
1278,-0.2377732056836736,1.8357377791415401,0,c
1279,0.5647496545637397,3.2303787907957533,0,c
1280,-2.374704707902347,0.3800459176105732,3,e
1281,0.14748324560918658,0.8045219198954972,3,e
1282,-0.8070201955306263,0.3878423259240704,4,e
1283,1.0290654766389857,4.775792084960436,0,c
1284,0.15301982843232745,3.7117626470838982,0,c
1285,-2.0095702948119936,0.7175298536960841,3,e
1286,0.3962245144965328,2.1329471337120403,0,d
1287,0.4282791064274229,2.4385460780653725,1,d
1288,-1.2432893741849693,0.40232483930946916,4,e
1289,-0.6430571846569169,0.8943107994976126,1,e
1290,0.7941140164724527,2.3156208645949685,1,d
1291,-1.2477243342770685,2.619940253504119,2,c
1292,0.8855839559463362,2.999251528309525,1,d
1293,0.453226247883876,2.9232324867364623,1,d
1294,0.9120469481927452,1.7280879482119886,1,d
1295,-0.07943923133304283,5.64015429274653,0,c
1296,-0.043156913358851585,2.914270738829705,0,c
1297,-2.120623526415981,-0.11835013833023023,4,e
1298,-0.39577354630319633,1.3686785446227294,2,c
1299,-1.2607004141351275,0.4197011722823656,3,e
1300,0.5910702075334645,2.6234991273239943,0,d
1301,0.6371692131053542,2.022299456872352,0,c
1302,0.6950548142129745,0.6689444174428487,0,d
1303,-0.7640606049097111,0.6090049279152903,5,e
1304,-0.7935584237360411,0.4481905334823808,3,e
1305,-0.10910447542923152,0.33463970623751105,3,e
1306,-1.0029078754509397,0.37439693028477244,2,e
1307,-0.16423662327035815,1.1744803584419072,0,c
1308,0.620461615261424,1.958369066187431,3,d
1309,-0.134384192061279,3.0453067381792533,0,c
1310,-0.00716228483996741,2.863090683687976,0,c
1311,0.5713123505813801,5.039883285649166,1,d
1312,-0.6732114074798794,3.0991209632234087,0,c
1313,-0.7003261203190412,0.3783248236806957,3,e
1314,-0.19492330338701197,3.2441165375835563,2,c
1315,-0.6959399297170126,0.44570150198959957,3,e
1316,-2.4115591411456916,0.4233806897395509,1,e
1317,-0.6959954276473481,2.8421913234590703,0,c
1318,-0.3338351726001605,0.4988529458190066,3,e
1319,1.1919027738927324,-0.09941777694646925,9,e
1320,-0.7303541277094094,0.4902647407945097,3,e
1321,-2.383058335378725,0.30240650668133645,1,e
1322,-2.2163811716391413,0.8406915919488925,0,e
1323,0.39213586360306635,4.092692279208402,4,d
1324,0.1369347464369022,2.5411380216631034,3,d
1325,-2.209634486442712,0.3949288025200343,2,e
1326,-0.8515475576285135,0.45216481046176893,2,e
1327,0.6366770032779985,2.1374071889030506,0,c
1328,-0.04416838026660097,0.9795616493010573,1,e
1329,-1.31934631564383,0.41418755645031496,1,e
1330,0.34403797912473205,5.081313207581758,2,d
1331,0.2880350760295998,3.167068490440403,1,d
1332,1.0734937275822714,0.4385611829069826,3,e
1333,0.7091957929202838,3.4362178731719695,1,d
1334,-0.34164367772845716,0.6156175368055637,4,e
1335,-1.219770785791773,0.6948056642693862,4,e
1336,-1.3610432375757968,0.30434034440682206,4,e
1337,0.7126991898716301,3.6553802576636834,2,d
1338,0.38769382224338145,1.3588393737848896,0,c
1339,-0.2321070288212448,-0.05134131455251152,1,e
1340,0.43534171088979096,2.778308504472964,0,c
1341,0.5280284686415507,0.7455901823225926,0,c
1342,0.39303204236886985,3.3941281623268025,0,d
1343,-0.3873235660396497,1.6629343988945402,2,c
1344,0.6321049036206996,3.0926399555545085,1,d
1345,-1.4052852537331362,0.5890892705952872,3,e
1346,-0.3217384181520607,1.9518624610627033,0,c
1347,-1.660648904554944,0.6531605985654345,3,e
1348,-0.41277569862170616,0.59201915151976,1,e
1349,0.8457483212702889,3.040019936023493,2,c
1350,0.4291038344877544,4.3285565807959046,1,d
1351,0.0563999483779499,4.467922070802574,0,c
1352,-0.9760333724683227,0.8629631631397093,1,e
1353,0.2778429335839265,3.014867406564936,0,c
1354,0.5526293875580046,2.564733081286297,0,c
1355,-0.1572219109864113,0.7610760752191195,0,c
1356,-0.6831387813963956,3.865405613921502,0,c
1357,-0.1873274049646854,4.09786300192005,1,c
1358,0.5783976162745021,1.9676074398161867,1,d
1359,0.5758669534493523,1.8332828560043513,4,d
1360,-2.5968493103240418,0.7157968485362229,2,e
1361,-0.10255141261942369,2.042237310779522,0,c
1362,-1.311457012449603,0.6150597669101227,2,e
1363,-0.5406966622312427,0.009102600949901648,2,e
1364,0.6314920686900158,1.9158726143760292,2,d
1365,-1.3754812067415325,1.3078980618818594,2,e
1366,0.30803623946847475,1.7421877943456157,1,c
1367,0.5297926219104109,1.9863112947928334,2,d
1368,0.24010090695506858,3.3214887690932025,0,c
1369,-0.8197249858602343,0.7314151960715001,0,e
1370,-0.31696626688098833,1.7146408178214463,0,c
1371,0.3783537307168213,3.4483465965791105,2,d
1372,-2.1595906575219073,0.43181595310944737,2,e
1373,-0.4408035028470134,1.657218945860732,1,c
1374,0.5576349518293909,1.6782544861369604,3,d
1375,-0.2747432889587284,3.2011402979024557,1,c
1376,0.16034908902051892,3.0648196773768235,0,c
1377,0.8201151424924747,2.6596759910531693,1,d
1378,0.08820198625103755,1.7863911648996909,3,d
1379,0.48925925957050076,3.6481845798210233,1,d
1380,0.40593732683869305,0.986760569587015,1,d
1381,0.92945333107855,3.740146823279629,0,c
1382,0.3360802424162575,1.1210796340605877,0,c
1383,1.5801302852431975,0.54109120377356,3,e
1384,-0.9549853845029445,0.47093098325045535,3,e
1385,0.5576407739855342,1.814319602040153,2,d
1386,0.5322386859016859,2.8094543649122996,3,d
1387,-0.3155088859702097,4.222599797421132,0,c
1388,0.38786813875298126,4.46477006468246,2,d
1389,0.3651660418145462,4.5981918110123745,3,d
1390,-0.8232759387770154,5.016283853104065,1,c
1391,0.5601325737064584,3.173531150973389,2,d
1392,1.2963208524392718,0.5546638801914286,2,e
1393,0.5481005748504137,0.9292628077086891,4,d
1394,0.31210298190439284,3.0802962488953565,0,c
1395,0.852956664734974,1.0383817569058875,0,c
1396,0.6615212550309201,4.334470626041378,3,d
1397,0.5805544201894267,3.76300876221224,3,d
1398,0.43749359714940605,2.55443941024972,3,d
1399,0.5017087762533788,2.361583872524953,4,d
1400,-0.2733321944616571,4.928266801216241,1,c
1401,0.36319863355727744,2.493728194171433,3,d
1402,-0.5575911306134972,1.9156871913028004,0,c
1403,-1.784358422487885,0.1451604348126652,2,e
1404,0.5456899576608409,2.890088204120293,3,d
1405,-0.22641263844037984,0.6382230446556545,1,e
1406,0.35911195235881,0.45908333684977237,0,e
1407,-1.1490685646123817,3.7401005443487905,0,c
1408,0.6262345450670451,2.0355189719548274,2,d
1409,0.29113935504185723,3.1668504120867498,0,d
1410,-0.702541414826126,0.6650772360236263,3,e
1411,-0.887672193337181,0.6702502104289686,3,e
1412,0.63528831693784,4.304141223749921,5,d
1413,-0.9600923230422878,0.3596449976854505,2,e
1414,0.02175058576455501,2.627993477680186,1,c
1415,-1.3861282008341507,0.9539366267194107,5,e
1416,0.4697851994309883,3.011273760934132,4,d
1417,-0.09731041985048357,1.7324488785464458,1,c
1418,-0.00282314240175811,2.7039044313025693,1,c
1419,-0.6854175080648304,1.6945687408324497,0,c
1420,0.2245876439753836,2.406582877267435,0,c
1421,0.3001403921048063,1.9250648335371876,0,c
1422,0.8425174907439112,2.3585722020785567,6,d
1423,-0.3255497142233944,0.20305641523778595,6,e
1424,-0.7325022125177187,0.16938862917568998,3,e
1425,-0.28432965684339623,1.6746232795103082,0,c
1426,0.5536904964319254,0.6073590411065379,1,c
1427,0.5089767198108016,2.011996926795506,3,d
1428,0.5498607988166035,2.376906581557539,3,d
1429,-2.8451639223967646,0.6151888332774746,4,e
1430,0.27925308797674453,5.388432573666805,7,d
1431,-1.371522394692057,0.16439948995518755,2,e
1432,0.09290459750594697,4.598390821218562,0,c
1433,0.38725773040130873,2.0365363799094287,5,d
1434,-0.5014729634347412,2.911188694044753,0,c
1435,0.4310671793951246,2.724343770191847,1,d
1436,0.02926532304094602,2.3306450677723807,0,c
1437,0.3511323685130129,2.9967710846865563,4,d
1438,-0.8391709706561647,0.22846810645874838,2,e
1439,-0.13596730563175527,2.721943455102885,3,d
1440,-0.3704382288221233,2.9358749995130173,1,c
1441,0.45559612173807873,2.254846144849079,1,d
1442,-0.02545464429016809,3.0509837092923435,0,c
1443,0.2995192269167839,2.771017401278384,0,d
1444,0.6885212320715406,0.3373140166245578,1,e
1445,-0.8174817066859976,4.832387490444571,0,c
1446,0.45644730131437583,2.232834678593739,4,d
1447,0.7562867596374921,2.161877084639177,3,d
1448,-0.5492931874480333,0.8434278345230752,0,c
1449,0.22652476121638515,3.921370433434743,2,d
1450,-2.01269537004156,0.8718936306282843,1,e
1451,-0.05246230842950538,2.498892696764392,0,c
1452,-0.20055153575243198,1.8479637079361448,2,c
1453,-0.27964702461890206,3.088377313298932,0,c
1454,1.1771396998117776,3.0299634974870875,0,c
1455,-1.1863288278423014,3.6830515045988044,0,c
1456,0.36198888990765815,3.5205148240316793,0,c
1457,0.6847236570501324,3.3833526564460117,0,c
1458,-0.1612717124015402,2.713940621641495,0,c
1459,-0.0721208751232998,2.6674050797776205,3,c
1460,-0.6273791780648428,0.6048620632496309,7,e
1461,0.741265104581864,2.145880250176444,3,d
1462,-0.15362620083030437,3.130675835096094,0,c
1463,-1.1474562914328992,0.3436040900991309,3,e
1464,0.28397170965249274,4.217051253246064,0,d
1465,-0.0627947535236504,4.410650540354536,0,c
1466,-2.7458734085843246,0.6395622642425864,6,e
1467,0.5074439764816675,3.480115982362241,0,d
1468,-0.15908779309065846,0.6493893471306147,4,e
1469,0.4786171093411659,3.098533214202504,1,d
1470,0.5981638027169461,2.622367834825225,0,d
1471,-0.5095900625303357,2.9515578249046106,1,c
1472,0.6352068070846699,2.0882798554456166,5,d
1473,-0.7721364815717466,0.49871155799937616,2,e
1474,0.0944113361007896,2.2633112370311954,1,c
1475,0.3854286752850702,4.229710108322399,4,d
1476,1.33698211330357,-0.2640939011875155,4,e
1477,-1.4126805704550152,0.25247369492234073,3,e
1478,0.8323160728349491,1.727635210331679,2,d
1479,-2.754236676661268,-0.178609093373597,2,e
1480,0.3165250084292512,1.7705274860179259,0,c
1481,-0.4965086132359213,0.59966429093049,5,e
1482,0.6987871406262358,1.525653188517834,1,d
1483,-0.008229126934373334,3.461973207416748,0,c
1484,-0.5922249576641886,0.40819956471303265,2,e
1485,-0.3399420387056731,2.7598882317117055,1,c
1486,-1.667332336399216,0.30557072158647386,2,e
1487,0.4569717797210634,4.9494851793630925,0,c
1488,0.06194735346692821,3.0024999432357773,0,c
1489,-2.0581253808255697,0.43013802229622483,6,e
1490,-1.6236571924477268,0.19518098957619012,0,e
1491,-1.1151310588023906,0.884026017003277,2,e
1492,0.9276802418853275,2.193067657233925,5,d
1493,0.12518240822572999,4.571848762507317,0,c
1494,-3.0235535183880407,0.19793868748318014,1,e
1495,0.5977803962302671,0.7570923833936132,2,d
1496,0.19213149747491617,2.8463795795237496,1,d
1497,0.9395121843499564,1.7335883453136418,0,c
1498,0.12423033450538992,2.529865702614338,0,d
1499,0.48552460207402554,2.5561814118501434,2,d
